ID,Close
id_713,92.589005
id_714,92.44062
id_715,92.36832
id_716,92.29603
id_717,92.22373
id_718,92.15143
id_719,88.999275
id_720,91.85721
id_721,91.77979
id_722,91.67565
id_723,91.57026
id_724,91.268906
id_725,91.174225
id_726,91.05401
id_727,90.93379
id_728,90.81357
id_729,90.44351
id_730,90.31567
id_731,90.19705
id_732,89.94821
id_733,97.81693
id_734,97.77671
id_735,97.80249
id_736,97.82827
id_737,97.85405
id_738,97.93138
id_739,97.956345
id_740,97.97664
id_741,97.99693
id_742,98.01723
id_743,97.99287
id_744,97.963554
id_745,97.92953
id_746,97.83642
id_747,97.743286
id_748,96.74357
id_749,95.91716
id_750,94.8331
id_751,93.42066
id_752,91.23906
id_753,90.520615
id_1467,40.296
id_1468,40.331017
id_1469,40.342686
id_1470,40.35436
id_1471,40.366024
id_1472,40.3777
id_1473,41.18322
id_1474,40.42536
id_1475,40.437492
id_1476,40.449623
id_1477,40.461754
id_1478,40.52635
id_1479,40.548363
id_1480,40.569057
id_1481,40.589756
id_1482,40.610462
id_1483,40.67256
id_1484,40.693256
id_1485,40.71396
id_1486,40.755352
id_1487,41.668858
id_1488,41.687668
id_1489,41.706486
id_1490,41.725296
id_1491,41.744106
id_1492,41.80055
id_1493,41.81951
id_1494,41.83935
id_1495,41.859188
id_1496,41.877815
id_1497,41.92812
id_1498,41.94423
id_1499,41.960335
id_1500,41.97645
id_1501,41.992565
id_1502,41.9825
id_1503,41.975567
id_1504,42.41668
id_1505,41.976116
id_1506,41.99279
id_1507,41.99835
id_2221,138.34566
id_2222,138.49951
id_2223,138.55081
id_2224,138.6021
id_2225,138.6534
id_2226,138.70468
id_2227,133.51872
id_2228,138.90982
id_2229,138.96379
id_2230,139.03343
id_2231,139.10307
id_2232,139.312
id_2233,139.38164
id_2234,139.45128
id_2235,139.50993
id_2236,139.56317
id_2237,139.73946
id_2238,139.8007
id_2239,139.91017
id_2240,140.13707
id_2241,139.28938
id_2242,139.35982
id_2243,139.43024
id_2244,139.50067
id_2245,139.5711
id_2246,139.78244
id_2247,139.85289
id_2248,139.92332
id_2249,139.99376
id_2250,140.0642
id_2251,140.32448
id_2252,140.41292
id_2253,140.50137
id_2254,140.5898
id_2255,140.67824
id_2256,140.85182
id_2257,140.87473
id_2258,134.26352
id_2259,140.92372
id_2260,140.99162
id_2261,141.01584
id_2975,70.70253
id_2976,70.77128
id_2977,70.79418
id_2978,70.81634
id_2979,70.83795
id_2980,70.85957
id_2981,70.36168
id_2982,70.946045
id_2983,70.96767
id_2984,70.989334
id_2985,71.01323
id_2986,71.082375
id_2987,71.1054
id_2988,71.124214
id_2989,71.129326
id_2990,71.134445
id_2991,71.150604
id_2992,71.15605
id_2993,71.1615
id_2994,71.172386
id_2995,71.439835
id_2996,71.445366
id_2997,71.450905
id_2998,71.45644
id_2999,71.46197
id_3000,71.47857
id_3001,71.48411
id_3002,71.48963
id_3003,71.49516
id_3004,71.5007
id_3005,71.66368
id_3006,71.738434
id_3007,71.81319
id_3008,71.88794
id_3009,71.96269
id_3010,71.860306
id_3011,71.784836
id_3012,67.679184
id_3013,71.53623
id_3014,71.28635
id_3015,71.203064
id_3729,80.83214
id_3730,80.49783
id_3731,80.52966
id_3732,80.561485
id_3733,80.59331
id_3734,80.62513
id_3735,91.7425
id_3736,80.75244
id_3737,80.78426
id_3738,80.81609
id_3739,80.84792
id_3740,81.085655
id_3741,81.347
id_3742,81.60889
id_3743,81.88874
id_3744,82.17796
id_3745,82.94094
id_3746,83.169365
id_3747,83.39779
id_3748,83.78612
id_3749,97.568726
id_3750,97.59262
id_3751,97.63227
id_3752,97.67192
id_3753,97.71158
id_3754,97.83052
id_3755,97.870155
id_3756,97.91348
id_3757,97.96649
id_3758,98.019485
id_3759,98.20213
id_3760,98.26502
id_3761,98.32436
id_3762,98.37574
id_3763,98.427124
id_3764,98.119804
id_3765,97.8483
id_3766,102.907845
id_3767,97.05397
id_3768,96.11205
id_3769,95.77387
id_4483,117.83562
id_4484,118.60932
id_4485,118.853455
id_4486,119.0812
id_4487,119.27698
id_4488,119.45491
id_4489,126.83552
id_4490,120.16663
id_4491,120.344574
id_4492,120.51086
id_4493,120.67358
id_4494,121.161705
id_4495,121.28199
id_4496,121.29391
id_4497,121.28078
id_4498,121.26768
id_4499,121.34191
id_4500,121.36244
id_4501,121.378395
id_4502,121.67178
id_4503,157.12944
id_4504,157.31291
id_4505,157.49637
id_4506,157.67987
id_4507,157.86336
id_4508,158.3964
id_4509,158.54906
id_4510,158.66734
id_4511,158.74309
id_4512,158.81879
id_4513,159.22833
id_4514,159.37598
id_4515,159.52092
id_4516,159.64056
id_4517,159.6735
id_4518,159.07613
id_4519,158.48883
id_4520,154.21689
id_4521,156.70198
id_4522,154.82974
id_4523,153.93672
id_5237,144.6051
id_5238,144.12698
id_5239,142.31491
id_5240,139.35892
id_5241,135.91614
id_5242,131.18083
id_5243,127.45138
id_5244,108.71918
id_5245,108.53099
id_5246,108.392044
id_5247,108.233185
id_5248,107.727425
id_5249,107.56939
id_5250,107.35932
id_5251,107.16787
id_5252,107.133705
id_5253,107.08035
id_5254,107.058945
id_5255,107.03754
id_5256,106.9947
id_5257,111.36731
id_5258,111.208176
id_5259,111.06335
id_5260,110.973625
id_5261,110.982704
id_5262,111.0099
id_5263,111.034706
id_5264,111.086174
id_5265,111.14019
id_5266,111.19423
id_5267,111.510155
id_5268,111.61614
id_5269,111.70066
id_5270,111.78088
id_5271,111.86113
id_5272,111.71677
id_5273,111.41198
id_5274,137.94043
id_5275,110.19324
id_5276,108.95486
id_5277,108.60188
id_5991,147.24318
id_5992,146.8024
id_5993,146.71541
id_5994,146.6284
id_5995,146.58424
id_5996,146.53612
id_5997,83.71301
id_5998,146.34352
id_5999,146.2954
id_6000,146.24869
id_6001,146.19936
id_6002,145.94113
id_6003,145.91576
id_6004,145.78452
id_6005,145.63829
id_6006,145.46599
id_6007,144.78662
id_6008,142.19856
id_6009,134.32979
id_6010,113.84137
id_6011,148.07285
id_6012,147.97829
id_6013,147.88371
id_6014,147.78915
id_6015,147.65279
id_6016,147.17244
id_6017,147.04025
id_6018,146.9067
id_6019,146.76079
id_6020,146.60703
id_6021,146.58336
id_6022,146.53783
id_6023,143.78615
id_6024,137.83095
id_6025,128.81567
id_6026,111.42387
id_6027,111.04862
id_6028,105.625694
id_6029,110.02969
id_6030,109.12591
id_6031,108.68945
id_6745,58.329792
id_6746,58.36173
id_6747,58.37237
id_6748,58.38301
id_6749,58.393654
id_6750,58.404297
id_6751,59.168068
id_6752,58.44687
id_6753,58.457516
id_6754,58.46816
id_6755,58.4788
id_6756,58.51172
id_6757,58.52862
id_6758,58.54553
id_6759,58.562435
id_6760,58.579334
id_6761,58.63006
id_6762,58.646965
id_6763,58.666008
id_6764,58.705837
id_6765,60.622555
id_6766,60.6466
id_6767,60.670662
id_6768,60.69471
id_6769,60.718765
id_6770,60.790924
id_6771,60.814976
id_6772,60.839027
id_6773,60.863667
id_6774,60.893646
id_6775,60.993958
id_6776,61.029705
id_6777,61.065434
id_6778,61.10118
id_6779,61.136917
id_6780,61.120728
id_6781,61.10427
id_6782,59.777092
id_6783,61.054882
id_6784,61.005486
id_6785,60.98903
id_7499,173.77725
id_7500,173.41803
id_7501,173.3178
id_7502,173.38614
id_7503,173.45444
id_7504,173.52272
id_7505,78.83406
id_7506,173.79593
id_7507,173.86423
id_7508,173.93253
id_7509,173.9483
id_7510,173.8329
id_7511,173.8227
id_7512,173.7951
id_7513,173.76752
id_7514,173.73991
id_7515,173.60844
id_7516,173.52815
id_7517,173.4394
id_7518,173.253
id_7519,186.74982
id_7520,186.81285
id_7521,186.8759
id_7522,186.9396
id_7523,187.02484
id_7524,187.28369
id_7525,187.37096
id_7526,187.4492
id_7527,187.46886
id_7528,187.48851
id_7529,187.9006
id_7530,188.06665
id_7531,188.23271
id_7532,188.28831
id_7533,188.26958
id_7534,187.19644
id_7535,186.34071
id_7536,89.23077
id_7537,183.75795
id_7538,181.36385
id_7539,180.60799
id_8253,52.213596
id_8254,52.279297
id_8255,52.301193
id_8256,52.32309
id_8257,52.344994
id_8258,52.366886
id_8259,52.739662
id_8260,52.46495
id_8261,52.48957
id_8262,52.51419
id_8263,52.53881
id_8264,52.612682
id_8265,52.637653
id_8266,52.662975
id_8267,52.688286
id_8268,52.713615
id_8269,52.790794
id_8270,52.81672
id_8271,52.842632
id_8272,52.894474
id_8273,52.133152
id_8274,52.137993
id_8275,52.14284
id_8276,52.147682
id_8277,52.153336
id_8278,52.172657
id_8279,52.179096
id_8280,52.18553
id_8281,52.19197
id_8282,52.198196
id_8283,52.310986
id_8284,52.36811
id_8285,52.42524
id_8286,52.48236
id_8287,52.539482
id_8288,52.59142
id_8289,52.59328
id_8290,52.62121
id_8291,52.603416
id_8292,52.60454
id_8293,52.604916
id_9007,83.826515
id_9008,83.8812
id_9009,83.89899
id_9010,83.91808
id_9011,83.937164
id_9012,83.95625
id_9013,81.63649
id_9014,84.032585
id_9015,84.05236
id_9016,84.07204
id_9017,84.09089
id_9018,84.14749
id_9019,84.166336
id_9020,84.1852
id_9021,84.22507
id_9022,84.2708
id_9023,84.319496
id_9024,84.32758
id_9025,84.32804
id_9026,84.210785
id_9027,82.70691
id_9028,82.708885
id_9029,82.71087
id_9030,82.712845
id_9031,82.71481
id_9032,82.72075
id_9033,82.72272
id_9034,82.72469
id_9035,82.72177
id_9036,82.71573
id_9037,82.7995
id_9038,82.87098
id_9039,82.942314
id_9040,83.01342
id_9041,83.084526
id_9042,83.02174
id_9043,82.94193
id_9044,80.32785
id_9045,82.70253
id_9046,82.476654
id_9047,82.40723
id_9761,41.35443
id_9762,42.61695
id_9763,43.042877
id_9764,43.45786
id_9765,43.724186
id_9766,43.83707
id_9767,51.196453
id_9768,44.178295
id_9769,44.263607
id_9770,44.341625
id_9771,44.39581
id_9772,44.55833
id_9773,44.612514
id_9774,44.66669
id_9775,44.72087
id_9776,44.775043
id_9777,44.681343
id_9778,44.606915
id_9779,44.539906
id_9780,44.34709
id_9781,59.202305
id_9782,59.266464
id_9783,59.33106
id_9784,59.395645
id_9785,59.46154
id_9786,59.584965
id_9787,59.6234
id_9788,59.661842
id_9789,59.65144
id_9790,59.58849
id_9791,59.543064
id_9792,59.538532
id_9793,59.534004
id_9794,59.509274
id_9795,59.43402
id_9796,59.120632
id_9797,58.94296
id_9798,69.765594
id_9799,58.440228
id_9800,58.147137
id_9801,58.05165
id_10515,50.912506
id_10516,50.793613
id_10517,50.753983
id_10518,50.714348
id_10519,50.674717
id_10520,50.635086
id_10521,56.07633
id_10522,50.481228
id_10523,50.44284
id_10524,50.404453
id_10525,50.366066
id_10526,50.250904
id_10527,50.212524
id_10528,50.17413
id_10529,50.14541
id_10530,50.065067
id_10531,49.73611
id_10532,49.718803
id_10533,49.701492
id_10534,49.666885
id_10535,55.702602
id_10536,55.711952
id_10537,55.72129
id_10538,55.73064
id_10539,55.73998
id_10540,55.76801
id_10541,55.77736
id_10542,55.796288
id_10543,55.819996
id_10544,55.843708
id_10545,55.90481
id_10546,55.93725
id_10547,55.969685
id_10548,56.002125
id_10549,56.04233
id_10550,56.010406
id_10551,55.86801
id_10552,62.6848
id_10553,55.340122
id_10554,54.915375
id_10555,54.80319
id_11269,68.114975
id_11270,68.26759
id_11271,68.31847
id_11272,68.36934
id_11273,68.42022
id_11274,68.47099
id_11275,69.19375
id_11276,68.673965
id_11277,68.7247
id_11278,68.77545
id_11279,68.826195
id_11280,68.978424
id_11281,69.029175
id_11282,69.09916
id_11283,69.16922
id_11284,69.239296
id_11285,69.36747
id_11286,69.39218
id_11287,69.416885
id_11288,69.53554
id_11289,72.685234
id_11290,72.73298
id_11291,72.78072
id_11292,72.82847
id_11293,72.85517
id_11294,72.915344
id_11295,72.93542
id_11296,72.955475
id_11297,72.97553
id_11298,72.9956
id_11299,73.04752
id_11300,73.06186
id_11301,73.07619
id_11302,73.09052
id_11303,73.10805
id_11304,73.09524
id_11305,73.082375
id_11306,72.39078
id_11307,73.04384
id_11308,73.00529
id_11309,72.99244
id_12023,59.017395
id_12024,59.07137
id_12025,59.089973
id_12026,59.108578
id_12027,59.12718
id_12028,59.145786
id_12029,56.685917
id_12030,59.2202
id_12031,59.2388
id_12032,59.257404
id_12033,59.27601
id_12034,59.327404
id_12035,59.339115
id_12036,59.350815
id_12037,59.362526
id_12038,59.37423
id_12039,59.409355
id_12040,59.42107
id_12041,59.43277
id_12042,59.45619
id_12043,59.982903
id_12044,60.007217
id_12045,60.03155
id_12046,60.05587
id_12047,60.080196
id_12048,60.153164
id_12049,60.177486
id_12050,60.20182
id_12051,60.22511
id_12052,60.24766
id_12053,60.336662
id_12054,60.371624
id_12055,60.40658
id_12056,60.44154
id_12057,60.476494
id_12058,60.508263
id_12059,60.509853
id_12060,58.506
id_12061,60.514683
id_12062,60.519497
id_12063,60.5211
id_12777,52.18719
id_12778,52.215534
id_12779,52.22438
id_12780,52.2324
id_12781,52.240414
id_12782,52.248425
id_12783,74.10948
id_12784,52.28049
id_12785,52.288513
id_12786,52.296528
id_12787,52.30414
id_12788,52.241955
id_12789,52.2387
id_12790,52.235443
id_12791,52.232185
id_12792,52.23894
id_12793,52.247467
id_12794,52.261436
id_12795,52.275406
id_12796,52.294716
id_12797,57.06981
id_12798,57.103313
id_12799,57.136806
id_12800,57.17031
id_12801,57.203808
id_12802,57.296505
id_12803,57.330334
id_12804,57.36417
id_12805,57.39799
id_12806,57.43224
id_12807,57.412205
id_12808,57.473053
id_12809,57.533886
id_12810,57.594723
id_12811,57.6548
id_12812,57.802124
id_12813,57.842506
id_12814,75.13386
id_12815,57.954903
id_12816,57.625137
id_12817,57.4139
id_13531,55.86533
id_13532,55.91549
id_13533,55.93222
id_13534,55.94893
id_13535,55.965652
id_13536,55.98238
id_13537,55.262882
id_13538,56.049263
id_13539,56.065987
id_13540,56.082714
id_13541,56.099426
id_13542,56.149868
id_13543,56.16695
id_13544,56.184025
id_13545,56.233253
id_13546,56.28596
id_13547,56.444115
id_13548,56.49683
id_13549,56.549538
id_13550,56.65497
id_13551,57.378593
id_13552,57.396824
id_13553,57.415066
id_13554,57.433296
id_13555,57.451534
id_13556,57.506237
id_13557,57.524475
id_13558,57.54271
id_13559,57.56445
id_13560,57.587776
id_13561,57.84884
id_13562,57.91594
id_13563,57.997093
id_13564,58.07824
id_13565,58.15939
id_13566,58.266796
id_13567,58.285244
id_13568,55.70081
id_13569,58.3414
id_13570,58.397846
id_13571,58.421154
id_14285,66.9537
id_14286,67.085495
id_14287,67.04347
id_14288,67.001434
id_14289,66.95939
id_14290,66.917366
id_14291,68.73355
id_14292,66.771774
id_14293,66.741684
id_14294,66.7116
id_14295,66.68151
id_14296,66.55324
id_14297,66.51397
id_14298,66.4747
id_14299,66.43543
id_14300,66.39617
id_14301,66.24184
id_14302,66.18691
id_14303,66.233475
id_14304,66.30061
id_14305,74.56715
id_14306,74.62228
id_14307,74.6774
id_14308,74.73253
id_14309,74.78765
id_14310,74.94608
id_14311,74.997986
id_14312,75.04989
id_14313,75.10179
id_14314,75.15369
id_14315,75.50298
id_14316,75.62719
id_14317,75.7549
id_14318,75.88264
id_14319,76.01035
id_14320,75.80989
id_14321,75.40907
id_14322,75.94018
id_14323,73.92507
id_14324,72.421425
id_14325,71.88699
id_15039,115.036575
id_15040,114.79646
id_15041,114.72887
id_15042,114.68535
id_15043,114.652214
id_15044,114.61909
id_15045,115.59262
id_15046,114.656784
id_15047,114.67541
id_15048,114.69367
id_15049,114.71034
id_15050,114.803986
id_15051,114.86229
id_15052,114.92059
id_15053,114.983734
id_15054,115.04838
id_15055,115.24226
id_15056,115.306915
id_15057,115.36863
id_15058,115.48611
id_15059,115.29752
id_15060,115.28882
id_15061,115.28015
id_15062,115.271454
id_15063,115.26276
id_15064,115.2367
id_15065,115.22801
id_15066,115.21932
id_15067,115.214005
id_15068,115.21143
id_15069,115.34732
id_15070,115.409225
id_15071,115.47116
id_15072,115.53308
id_15073,115.583786
id_15074,115.08
id_15075,114.69207
id_15076,112.89913
id_15077,113.67598
id_15078,112.56452
id_15079,112.17854
id_15793,65.14289
id_15794,65.21549
id_15795,65.22757
id_15796,65.24836
id_15797,65.26914
id_15798,65.29652
id_15799,55.74889
id_15800,65.39124
id_15801,65.41493
id_15802,65.44508
id_15803,65.484215
id_15804,65.60159
id_15805,65.640724
id_15806,65.54669
id_15807,65.5316
id_15808,65.5298
id_15809,65.52439
id_15810,65.52193
id_15811,65.512825
id_15812,65.39208
id_15813,66.16351
id_15814,66.180626
id_15815,66.19775
id_15816,66.21485
id_15817,66.23197
id_15818,66.28332
id_15819,66.30043
id_15820,66.317535
id_15821,66.33489
id_15822,66.33797
id_15823,66.47109
id_15824,66.542694
id_15825,66.6143
id_15826,66.68591
id_15827,66.75752
id_15828,66.12971
id_15829,65.634476
id_15830,55.152973
id_15831,64.261826
id_15832,62.904037
id_15833,62.41576
id_16547,75.4628
id_16548,75.466835
id_16549,75.46661
id_16550,75.466385
id_16551,75.46616
id_16552,75.46593
id_16553,76.468994
id_16554,75.47168
id_16555,75.501495
id_16556,75.532
id_16557,75.562485
id_16558,75.64307
id_16559,75.66926
id_16560,75.69545
id_16561,75.70949
id_16562,75.63775
id_16563,75.44164
id_16564,75.42759
id_16565,75.42227
id_16566,75.41165
id_16567,78.14
id_16568,78.10537
id_16569,78.0722
id_16570,78.039024
id_16571,78.00586
id_16572,77.90635
id_16573,77.873184
id_16574,77.840004
id_16575,77.80684
id_16576,77.773674
id_16577,77.87815
id_16578,77.9127
id_16579,77.947235
id_16580,77.98197
id_16581,78.01714
id_16582,77.31337
id_16583,76.75303
id_16584,69.45477
id_16585,76.134125
id_16586,75.66446
id_16587,75.50314
id_17301,54.921585
id_17302,54.924076
id_17303,54.9249
id_17304,54.938362
id_17305,54.959034
id_17306,54.962296
id_17307,53.262135
id_17308,55.04876
id_17309,55.084557
id_17310,55.12035
id_17311,55.156147
id_17312,55.26354
id_17313,55.299328
id_17314,55.29308
id_17315,55.273632
id_17316,55.25437
id_17317,55.19704
id_17318,55.178516
id_17319,55.16083
id_17320,55.1323
id_17321,55.002483
id_17322,54.999012
id_17323,54.99554
id_17324,54.992065
id_17325,54.98859
id_17326,54.978176
id_17327,54.9747
id_17328,54.971233
id_17329,54.967754
id_17330,54.964287
id_17331,55.010742
id_17332,55.055046
id_17333,55.099197
id_17334,55.143337
id_17335,55.187473
id_17336,54.945255
id_17337,54.72692
id_17338,51.27354
id_17339,54.2986
id_17340,54.012962
id_17341,54.039097
id_18055,52.18296
id_18056,52.21151
id_18057,52.221027
id_18058,52.23055
id_18059,52.240067
id_18060,52.249588
id_18061,50.641136
id_18062,52.28766
id_18063,52.297184
id_18064,52.306698
id_18065,52.31622
id_18066,52.338753
id_18067,52.343227
id_18068,52.34771
id_18069,52.351803
id_18070,52.35577
id_18071,52.362625
id_18072,52.3649
id_18073,52.36717
id_18074,52.370995
id_18075,52.32994
id_18076,52.35774
id_18077,52.385536
id_18078,52.413338
id_18079,52.44113
id_18080,52.524536
id_18081,52.552338
id_18082,52.579704
id_18083,52.6043
id_18084,52.6289
id_18085,52.71281
id_18086,52.743626
id_18087,52.77444
id_18088,52.805386
id_18089,52.83847
id_18090,52.86394
id_18091,52.86543
id_18092,50.933243
id_18093,52.869892
id_18094,52.876358
id_18095,52.878586
id_18809,95.98034
id_18810,96.05615
id_18811,96.06584
id_18812,96.07552
id_18813,96.08442
id_18814,96.072525
id_18815,95.03468
id_18816,95.94732
id_18817,95.91435
id_18818,95.87639
id_18819,95.82661
id_18820,95.67621
id_18821,95.625984
id_18822,95.575775
id_18823,95.52555
id_18824,95.432076
id_18825,95.10412
id_18826,95.00367
id_18827,94.902214
id_18828,94.69167
id_18829,98.64388
id_18830,98.6695
id_18831,98.695114
id_18832,98.72073
id_18833,98.746346
id_18834,98.8232
id_18835,98.8488
id_18836,98.87442
id_18837,98.90004
id_18838,98.92557
id_18839,99.0816
id_18840,99.14241
id_18841,99.20325
id_18842,99.264084
id_18843,99.3118
id_18844,99.17467
id_18845,99.019516
id_18846,102.20639
id_18847,98.27188
id_18848,97.34313
id_18849,97.06762
id_19563,45.326004
id_19564,45.26691
id_19565,45.247215
id_19566,45.221123
id_19567,45.192425
id_19568,45.16373
id_19569,47.394318
id_19570,45.04895
id_19571,45.020252
id_19572,44.99156
id_19573,44.962864
id_19574,44.876778
id_19575,44.84049
id_19576,44.800934
id_19577,44.755455
id_19578,44.70804
id_19579,44.56779
id_19580,44.528576
id_19581,44.49375
id_19582,44.46269
id_19583,48.442886
id_19584,48.449818
id_19585,48.456757
id_19586,48.463688
id_19587,48.470627
id_19588,48.491436
id_19589,48.498367
id_19590,48.505306
id_19591,48.51224
id_19592,48.51761
id_19593,48.611286
id_19594,48.66119
id_19595,48.71109
id_19596,48.77447
id_19597,48.859924
id_19598,48.709755
id_19599,48.547302
id_19600,47.9759
id_19601,48.05993
id_19602,47.559566
id_19603,47.380943
id_20317,84.29925
id_20318,83.49386
id_20319,83.44601
id_20320,83.39916
id_20321,83.3523
id_20322,83.32216
id_20323,83.063934
id_20324,83.20002
id_20325,83.165245
id_20326,83.13046
id_20327,83.09536
id_20328,82.98885
id_20329,82.95335
id_20330,82.91785
id_20331,82.88234
id_20332,82.80047
id_20333,82.37467
id_20334,82.22783
id_20335,82.077446
id_20336,81.76763
id_20337,87.825424
id_20338,87.83188
id_20339,87.7959
id_20340,87.70658
id_20341,87.61946
id_20342,87.39033
id_20343,87.30632
id_20344,87.22208
id_20345,87.137825
id_20346,87.05358
id_20347,87.25757
id_20348,87.581604
id_20349,88.081696
id_20350,88.686584
id_20351,89.15486
id_20352,89.58949
id_20353,89.55422
id_20354,80.4603
id_20355,89.36498
id_20356,89.16149
id_20357,89.057205
id_21071,56.734993
id_21072,56.678734
id_21073,56.659973
id_21074,56.641224
id_21075,56.622475
id_21076,56.603718
id_21077,70.5317
id_21078,56.527084
id_21079,56.507
id_21080,56.48677
id_21081,56.46656
id_21082,56.405884
id_21083,56.38507
id_21084,56.30268
id_21085,56.09618
id_21086,55.889687
id_21087,55.296505
id_21088,55.128574
id_21089,54.960644
id_21090,54.624306
id_21091,48.567165
id_21092,48.56016
id_21093,48.55317
id_21094,48.54616
id_21095,48.539173
id_21096,48.521297
id_21097,48.52359
id_21098,48.525894
id_21099,48.528187
id_21100,48.53048
id_21101,48.656166
id_21102,48.744617
id_21103,48.82639
id_21104,48.902805
id_21105,48.971127
id_21106,48.767555
id_21107,48.522297
id_21108,52.22085
id_21109,47.946297
id_21110,47.544075
id_21111,47.41229
id_21825,29.518887
id_21826,29.472221
id_21827,29.455349
id_21828,29.438484
id_21829,29.421608
id_21830,29.404747
id_21831,28.407375
id_21832,29.318634
id_21833,29.293324
id_21834,29.268013
id_21835,29.242706
id_21836,29.135647
id_21837,29.063519
id_21838,28.991386
id_21839,28.91925
id_21840,28.80946
id_21841,28.279385
id_21842,28.108124
id_21843,27.936867
id_21844,27.604588
id_21845,29.740894
id_21846,29.74377
id_21847,29.74664
id_21848,29.749516
id_21849,29.752388
id_21850,29.761002
id_21851,29.763874
id_21852,29.766739
id_21853,29.765743
id_21854,29.763039
id_21855,29.844463
id_21856,29.89532
id_21857,29.94617
id_21858,29.997028
id_21859,30.047882
id_21860,29.915543
id_21861,29.800728
id_21862,28.073734
id_21863,29.456284
id_21864,29.11185
id_21865,28.99704
id_22579,42.349926
id_22580,42.34314
id_22581,42.340874
id_22582,42.33861
id_22583,42.33635
id_22584,42.334087
id_22585,41.043182
id_22586,42.338
id_22587,42.340664
id_22588,42.343334
id_22589,42.34599
id_22590,42.35364
id_22591,42.356583
id_22592,42.35952
id_22593,42.362457
id_22594,42.366096
id_22595,42.329346
id_22596,42.313652
id_22597,42.29796
id_22598,42.266827
id_22599,42.99503
id_22600,42.9935
id_22601,42.99197
id_22602,42.99044
id_22603,42.988914
id_22604,42.98433
id_22605,42.982796
id_22606,42.980843
id_22607,42.978546
id_22608,42.97625
id_22609,42.984264
id_22610,42.991524
id_22611,42.998787
id_22612,43.006046
id_22613,43.01331
id_22614,42.985672
id_22615,42.96717
id_22616,41.43124
id_22617,42.91359
id_22618,42.86693
id_22619,42.851376
id_23333,71.6276
id_23334,71.72041
id_23335,71.74297
id_23336,71.76552
id_23337,71.77589
id_23338,71.781944
id_23339,71.47121
id_23340,71.94026
id_23341,72.02038
id_23342,72.076584
id_23343,72.06009
id_23344,72.01126
id_23345,71.939445
id_23346,71.8131
id_23347,71.68489
id_23348,71.55724
id_23349,71.1566
id_23350,71.01554
id_23351,70.88059
id_23352,70.558014
id_23353,68.72495
id_23354,68.72394
id_23355,68.722916
id_23356,68.72152
id_23357,68.712166
id_23358,68.63034
id_23359,68.57466
id_23360,68.51863
id_23361,68.46109
id_23362,68.370735
id_23363,68.17266
id_23364,68.12515
id_23365,68.07765
id_23366,68.03014
id_23367,67.98264
id_23368,67.7329
id_23369,67.62773
id_23370,64.67363
id_23371,67.3122
id_23372,66.99304
id_23373,66.88637
id_24087,76.58572
id_24088,76.5506
id_24089,76.538895
id_24090,76.52718
id_24091,76.509605
id_24092,76.49264
id_24093,82.46855
id_24094,76.4916
id_24095,76.489136
id_24096,76.48667
id_24097,76.48421
id_24098,76.47681
id_24099,76.44413
id_24100,76.3327
id_24101,76.219086
id_24102,76.10548
id_24103,75.77884
id_24104,75.69979
id_24105,75.62075
id_24106,75.46265
id_24107,82.58054
id_24108,82.65686
id_24109,82.73395
id_24110,82.81315
id_24111,82.892365
id_24112,82.928566
id_24113,82.948456
id_24114,83.00702
id_24115,83.065575
id_24116,83.12696
id_24117,83.41416
id_24118,83.530525
id_24119,83.64689
id_24120,83.75099
id_24121,83.774956
id_24122,83.71938
id_24123,83.46278
id_24124,85.68237
id_24125,82.62792
id_24126,82.17088
id_24127,81.971924
id_24841,48.249542
id_24842,48.27874
id_24843,48.288227
id_24844,48.29772
id_24845,48.307205
id_24846,48.3167
id_24847,53.263206
id_24848,48.377506
id_24849,48.394337
id_24850,48.411167
id_24851,48.428005
id_24852,48.485626
id_24853,48.506355
id_24854,48.526714
id_24855,48.41973
id_24856,48.295506
id_24857,48.007812
id_24858,47.932976
id_24859,47.858147
id_24860,47.7249
id_24861,55.087124
id_24862,55.107815
id_24863,55.128525
id_24864,55.149208
id_24865,55.169903
id_24866,55.230976
id_24867,55.251274
id_24868,55.271576
id_24869,55.291885
id_24870,55.314274
id_24871,55.427906
id_24872,55.480278
id_24873,55.530117
id_24874,55.586014
id_24875,55.64666
id_24876,55.61551
id_24877,55.37816
id_24878,56.687702
id_24879,54.2384
id_24880,53.32716
id_24881,53.03284
id_25595,62.55496
id_25596,62.499237
id_25597,62.478027
id_25598,62.45681
id_25599,62.435596
id_25600,62.419212
id_25601,62.520737
id_25602,62.35953
id_25603,62.3409
id_25604,62.32227
id_25605,62.303635
id_25606,62.22595
id_25607,62.136868
id_25608,62.047783
id_25609,61.9587
id_25610,61.86961
id_25611,61.616234
id_25612,61.53899
id_25613,61.461746
id_25614,61.344845
id_25615,56.660477
id_25616,56.61189
id_25617,56.563305
id_25618,56.534332
id_25619,56.5149
id_25620,56.456623
id_25621,56.437202
id_25622,56.417778
id_25623,56.39783
id_25624,56.384075
id_25625,56.51361
id_25626,56.584984
id_25627,56.656357
id_25628,56.727734
id_25629,56.7991
id_25630,56.760525
id_25631,56.662106
id_25632,56.22191
id_25633,56.32163
id_25634,55.95596
id_25635,55.868988
id_26349,79.314514
id_26350,79.23227
id_26351,79.20354
id_26352,79.169174
id_26353,79.13481
id_26354,79.10044
id_26355,77.85365
id_26356,78.95195
id_26357,78.91847
id_26358,78.88499
id_26359,78.84906
id_26360,78.758514
id_26361,78.73185
id_26362,78.61396
id_26363,78.47203
id_26364,78.330086
id_26365,77.90428
id_26366,77.76235
id_26367,77.62041
id_26368,77.341255
id_26369,81.781586
id_26370,81.77812
id_26371,81.77467
id_26372,81.776955
id_26373,81.77977
id_26374,81.78455
id_26375,81.75869
id_26376,81.73354
id_26377,81.71072
id_26378,81.68789
id_26379,81.560455
id_26380,81.52802
id_26381,81.4956
id_26382,81.46316
id_26383,81.430725
id_26384,80.76935
id_26385,80.23649
id_26386,76.713066
id_26387,79.21776
id_26388,78.15033
id_26389,77.725876
id_27103,57.22727
id_27104,57.274055
id_27105,57.289654
id_27106,57.30525
id_27107,57.32085
id_27108,57.336445
id_27109,60.69641
id_27110,57.398827
id_27111,57.41443
id_27112,57.430027
id_27113,57.445625
id_27114,57.465004
id_27115,57.45066
id_27116,57.43632
id_27117,57.421974
id_27118,57.40764
id_27119,57.35602
id_27120,57.33655
id_27121,57.307793
id_27122,57.26343
id_27123,55.09813
id_27124,55.083958
id_27125,55.06977
id_27126,55.0556
id_27127,55.04142
id_27128,54.99889
id_27129,54.984707
id_27130,54.957706
id_27131,54.902477
id_27132,54.849182
id_27133,54.83533
id_27134,54.86185
id_27135,54.919186
id_27136,54.98962
id_27137,55.06007
id_27138,54.98167
id_27139,54.85486
id_27140,53.8652
id_27141,54.462593
id_27142,54.06769
id_27143,53.91784
id_27857,68.84105
id_27858,69.72882
id_27859,70.04118
id_27860,70.34669
id_27861,70.65216
id_27862,70.76962
id_27863,132.1121
id_27864,71.09524
id_27865,71.191505
id_27866,71.28779
id_27867,71.38407
id_27868,71.672646
id_27869,71.7509
id_27870,71.73801
id_27871,71.69007
id_27872,71.620964
id_27873,71.59779
id_27874,71.58926
id_27875,71.58062
id_27876,71.52766
id_27877,82.19296
id_27878,82.12863
id_27879,82.06818
id_27880,82.01645
id_27881,81.96472
id_27882,81.83662
id_27883,81.82048
id_27884,81.814026
id_27885,81.82373
id_27886,81.835846
id_27887,82.04421
id_27888,82.15317
id_27889,82.23787
id_27890,82.31811
id_27891,82.39833
id_27892,82.38861
id_27893,81.99188
id_27894,86.8609
id_27895,80.8676
id_27896,79.84815
id_27897,79.53123
id_28611,72.049965
id_28612,72.0525
id_28613,72.05889
id_28614,72.06529
id_28615,72.071686
id_28616,72.07595
id_28617,73.219604
id_28618,72.08084
id_28619,72.08207
id_28620,72.0833
id_28621,72.08452
id_28622,72.067444
id_28623,72.03329
id_28624,71.999115
id_28625,71.96495
id_28626,71.930786
id_28627,71.82828
id_28628,71.79412
id_28629,71.75994
id_28630,71.67428
id_28631,72.22139
id_28632,72.16936
id_28633,72.11732
id_28634,72.06528
id_28635,72.01324
id_28636,71.857124
id_28637,71.805084
id_28638,71.753044
id_28639,71.68022
id_28640,71.58883
id_28641,71.34871
id_28642,71.27829
id_28643,71.20974
id_28644,71.157425
id_28645,71.11299
id_28646,70.96671
id_28647,70.856735
id_28648,72.71342
id_28649,70.55887
id_28650,70.27053
id_28651,70.18121
id_29365,33.011284
id_29366,32.977734
id_29367,32.966553
id_29368,32.9599
id_29369,32.958813
id_29370,32.957726
id_29371,34.992096
id_29372,32.970104
id_29373,32.97557
id_29374,32.98104
id_29375,32.986504
id_29376,32.977894
id_29377,32.966026
id_29378,32.95415
id_29379,32.94228
id_29380,32.930412
id_29381,32.894794
id_29382,32.88292
id_29383,32.87105
id_29384,32.847305
id_29385,31.352646
id_29386,31.348919
id_29387,31.345196
id_29388,31.341469
id_29389,31.337742
id_29390,31.326572
id_29391,31.322838
id_29392,31.31615
id_29393,31.304726
id_29394,31.293297
id_29395,31.337986
id_29396,31.378048
id_29397,31.418102
id_29398,31.458168
id_29399,31.49823
id_29400,31.395794
id_29401,31.286522
id_29402,29.697277
id_29403,30.95655
id_29404,30.612686
id_29405,30.495018
id_30119,35.839573
id_30120,35.80822
id_30121,35.79814
id_30122,35.78805
id_30123,35.77797
id_30124,35.767887
id_30125,37.83709
id_30126,35.727543
id_30127,35.71746
id_30128,35.70738
id_30129,35.69729
id_30130,35.66704
id_30131,35.61754
id_30132,35.56537
id_30133,35.504948
id_30134,35.446007
id_30135,35.261314
id_30136,35.19886
id_30137,35.15087
id_30138,35.069683
id_30139,31.83854
id_30140,31.827171
id_30141,31.800285
id_30142,31.773407
id_30143,31.746521
id_30144,31.665863
id_30145,31.638977
id_30146,31.613697
id_30147,31.589878
id_30148,31.549644
id_30149,31.425423
id_30150,31.382359
id_30151,31.339294
id_30152,31.301533
id_30153,31.264824
id_30154,30.475368
id_30155,29.849667
id_30156,28.324745
id_30157,27.978054
id_30158,27.519043
id_30159,27.462463
id_30873,43.39068
id_30874,43.383183
id_30875,43.38068
id_30876,43.37818
id_30877,43.37568
id_30878,43.372772
id_30879,43.468353
id_30880,43.37981
id_30881,43.379723
id_30882,43.379635
id_30883,43.379547
id_30884,43.369064
id_30885,43.364662
id_30886,43.360264
id_30887,43.35586
id_30888,43.35146
id_30889,43.33826
id_30890,43.333855
id_30891,43.329456
id_30892,43.320652
id_30893,43.68396
id_30894,43.671894
id_30895,43.663593
id_30896,43.655296
id_30897,43.646996
id_30898,43.622097
id_30899,43.613827
id_30900,43.606407
id_30901,43.59995
id_30902,43.592247
id_30903,43.634987
id_30904,43.68418
id_30905,43.733368
id_30906,43.782566
id_30907,43.831757
id_30908,43.76673
id_30909,43.691864
id_30910,42.39639
id_30911,43.467278
id_30912,43.25087
id_30913,43.18142
id_31627,126.53417
id_31628,125.513916
id_31629,125.196396
id_31630,124.83369
id_31631,124.36676
id_31632,123.94457
id_31633,165.16641
id_31634,122.2994
id_31635,121.8881
id_31636,121.49723
id_31637,121.10896
id_31638,120.097244
id_31639,119.802505
id_31640,119.50776
id_31641,119.22661
id_31642,118.64769
id_31643,116.671524
id_31644,116.02552
id_31645,115.43845
id_31646,114.23823
id_31647,97.09808
id_31648,97.0642
id_31649,97.03033
id_31650,96.99693
id_31651,96.96762
id_31652,96.87969
id_31653,96.85036
id_31654,96.82106
id_31655,96.79201
id_31656,96.764244
id_31657,97.14255
id_31658,97.304
id_31659,97.39646
id_31660,97.4889
id_31661,97.58136
id_31662,97.79293
id_31663,97.59662
id_31664,143.09492
id_31665,96.30941
id_31666,94.308105
id_31667,93.492615
id_32381,53.771503
id_32382,53.233746
id_32383,53.053795
id_32384,52.906498
id_32385,52.77028
id_32386,52.63404
id_32387,51.374283
id_32388,52.08834
id_32389,51.940712
id_32390,51.79307
id_32391,51.645443
id_32392,51.19102
id_32393,50.917934
id_32394,50.393555
id_32395,49.89351
id_32396,49.451206
id_32397,48.36419
id_32398,48.073505
id_32399,47.820007
id_32400,47.3454
id_32401,48.933826
id_32402,48.905094
id_32403,48.87637
id_32404,48.847633
id_32405,48.818893
id_32406,48.735584
id_32407,48.70794
id_32408,48.68029
id_32409,48.652664
id_32410,48.62193
id_32411,48.561035
id_32412,48.530518
id_32413,48.500015
id_32414,48.492905
id_32415,48.49757
id_32416,48.26187
id_32417,48.043922
id_32418,51.27882
id_32419,47.58716
id_32420,47.229202
id_32421,47.00627
id_33135,48.717873
id_33136,48.702076
id_33137,48.696323
id_33138,48.690205
id_33139,48.684086
id_33140,48.677963
id_33141,50.95121
id_33142,48.65348
id_33143,48.64736
id_33144,48.641243
id_33145,48.63512
id_33146,48.59669
id_33147,48.588524
id_33148,48.580357
id_33149,48.572193
id_33150,48.564022
id_33151,48.542267
id_33152,48.53571
id_33153,48.529163
id_33154,48.50999
id_33155,50.096867
id_33156,50.093414
id_33157,50.08274
id_33158,50.064354
id_33159,50.045967
id_33160,49.99079
id_33161,49.972404
id_33162,49.94905
id_33163,49.923866
id_33164,49.898685
id_33165,49.903496
id_33166,49.93274
id_33167,49.961987
id_33168,49.991234
id_33169,50.01797
id_33170,49.854134
id_33171,49.7008
id_33172,49.149616
id_33173,49.239937
id_33174,48.76152
id_33175,48.60204
id_33889,84.06749
id_33890,84.12672
id_33891,84.14231
id_33892,84.1579
id_33893,84.1735
id_33894,84.189095
id_33895,82.60061
id_33896,84.231926
id_33897,84.21872
id_33898,84.2045
id_33899,84.19027
id_33900,84.11769
id_33901,84.05665
id_33902,83.99562
id_33903,83.949196
id_33904,83.85545
id_33905,83.5742
id_33906,83.48043
id_33907,83.386696
id_33908,83.19919
id_33909,72.80053
id_33910,72.78291
id_33911,72.7653
id_33912,72.747696
id_33913,72.73009
id_33914,72.677246
id_33915,72.65964
id_33916,72.64108
id_33917,72.545265
id_33918,72.44629
id_33919,72.177315
id_33920,72.09942
id_33921,72.02652
id_33922,72.00021
id_33923,71.973915
id_33924,71.947044
id_33925,71.9362
id_33926,73.4935
id_33927,71.86046
id_33928,71.78004
id_33929,71.75383
id_34643,73.45915
id_34644,73.76731
id_34645,73.88675
id_34646,74.00739
id_34647,74.06279
id_34648,74.118195
id_34649,65.13306
id_34650,74.25847
id_34651,74.30928
id_34652,74.37685
id_34653,74.44663
id_34654,74.63539
id_34655,74.64996
id_34656,74.66278
id_34657,74.67558
id_34658,74.69485
id_34659,74.78035
id_34660,74.80885
id_34661,74.85712
id_34662,74.96223
id_34663,55.839817
id_34664,55.824432
id_34665,55.824837
id_34666,55.82526
id_34667,55.825665
id_34668,55.8269
id_34669,55.82731
id_34670,55.82771
id_34671,55.82812
id_34672,55.828533
id_34673,55.90339
id_34674,55.94744
id_34675,55.96264
id_34676,55.983303
id_34677,56.039433
id_34678,56.319443
id_34679,56.87565
id_34680,73.70395
id_34681,58.69239
id_34682,60.55592
id_34683,61.182583
id_35397,104.947205
id_35398,104.013535
id_35399,103.78411
id_35400,103.56029
id_35401,103.34412
id_35402,103.12796
id_35403,104.137
id_35404,102.76561
id_35405,102.695175
id_35406,102.62473
id_35407,102.55428
id_35408,102.34298
id_35409,102.272545
id_35410,102.19272
id_35411,101.83205
id_35412,101.54935
id_35413,100.914505
id_35414,100.76655
id_35415,100.63858
id_35416,100.38983
id_35417,117.77565
id_35418,117.79973
id_35419,117.8238
id_35420,117.84787
id_35421,117.87194
id_35422,117.94416
id_35423,117.968254
id_35424,117.99231
id_35425,118.01639
id_35426,118.04001
id_35427,118.00357
id_35428,117.97001
id_35429,117.93643
id_35430,117.90242
id_35431,117.87281
id_35432,117.58175
id_35433,117.02784
id_35434,109.41948
id_35435,115.35282
id_35436,113.82177
id_35437,113.3268
id_36151,140.84682
id_36152,141.33357
id_36153,141.3842
id_36154,141.36697
id_36155,141.34972
id_36156,141.3325
id_36157,129.01436
id_36158,141.24069
id_36159,141.21744
id_36160,141.19418
id_36161,141.17093
id_36162,141.10114
id_36163,141.0779
id_36164,141.05464
id_36165,140.98581
id_36166,140.81184
id_36167,140.37105
id_36168,140.23541
id_36169,140.09756
id_36170,139.7557
id_36171,139.36655
id_36172,139.39484
id_36173,139.42313
id_36174,139.45142
id_36175,139.4797
id_36176,139.56459
id_36177,139.59288
id_36178,139.62115
id_36179,139.64948
id_36180,139.67775
id_36181,139.92102
id_36182,140.08226
id_36183,140.24242
id_36184,140.39629
id_36185,140.57162
id_36186,140.86688
id_36187,140.41763
id_36188,136.66887
id_36189,139.06151
id_36190,137.46959
id_36191,136.82552
id_36905,88.06612
id_36906,88.09924
id_36907,88.09222
id_36908,88.08518
id_36909,88.08031
id_36910,88.08026
id_36911,82.68824
id_36912,88.07409
id_36913,88.07021
id_36914,88.06632
id_36915,88.06069
id_36916,88.02628
id_36917,88.01482
id_36918,87.80804
id_36919,87.597916
id_36920,87.38778
id_36921,86.75804
id_36922,86.60157
id_36923,86.44862
id_36924,86.142
id_36925,93.25085
id_36926,93.31464
id_36927,93.38046
id_36928,93.44269
id_36929,93.504906
id_36930,93.691605
id_36931,93.75383
id_36932,93.81606
id_36933,93.878296
id_36934,93.94052
id_36935,94.18131
id_36936,94.2829
id_36937,94.37273
id_36938,94.46683
id_36939,94.568634
id_36940,94.574005
id_36941,94.17048
id_36942,88.02294
id_36943,92.8995
id_36944,91.69559
id_36945,91.31489
id_37659,47.83938
id_37660,47.82074
id_37661,47.814526
id_37662,47.808308
id_37663,47.80263
id_37664,47.79792
id_37665,48.422592
id_37666,47.779083
id_37667,47.77438
id_37668,47.772034
id_37669,47.777775
id_37670,47.752785
id_37671,47.739986
id_37672,47.727192
id_37673,47.718987
id_37674,47.726616
id_37675,47.759834
id_37676,47.771194
id_37677,47.782555
id_37678,47.805275
id_37679,46.68756
id_37680,46.695484
id_37681,46.7034
id_37682,46.71132
id_37683,46.719234
id_37684,46.742992
id_37685,46.749027
id_37686,46.744007
id_37687,46.73899
id_37688,46.73397
id_37689,46.78398
id_37690,46.819454
id_37691,46.854927
id_37692,46.8904
id_37693,46.92587
id_37694,46.819393
id_37695,46.67813
id_37696,46.761925
id_37697,46.220047
id_37698,45.76071
id_37699,45.607605
id_38413,131.22913
id_38414,132.30817
id_38415,132.8393
id_38416,133.37039
id_38417,133.9115
id_38418,134.30571
id_38419,55.74836
id_38420,134.9
id_38421,135.04805
id_38422,135.19608
id_38423,135.34413
id_38424,135.78827
id_38425,135.93631
id_38426,136.08434
id_38427,136.22855
id_38428,136.40062
id_38429,136.49867
id_38430,136.41273
id_38431,136.28651
id_38432,136.01294
id_38433,169.84569
id_38434,169.90208
id_38435,169.95848
id_38436,170.01491
id_38437,170.0713
id_38438,170.24051
id_38439,170.2969
id_38440,170.35332
id_38441,170.4057
id_38442,170.42166
id_38443,170.9623
id_38444,171.08676
id_38445,171.19283
id_38446,171.29895
id_38447,171.40503
id_38448,171.7233
id_38449,170.76312
id_38450,77.07425
id_38451,167.69453
id_38452,163.9581
id_38453,162.42342
id_39167,92.691925
id_39168,92.81871
id_39169,92.860954
id_39170,92.90322
id_39171,92.94425
id_39172,92.952675
id_39173,73.12828
id_39174,92.95032
id_39175,92.93286
id_39176,92.909874
id_39177,92.88512
id_39178,92.807655
id_39179,92.64285
id_39180,92.47496
id_39181,92.30707
id_39182,92.13899
id_39183,91.71263
id_39184,91.60412
id_39185,91.4956
id_39186,91.33324
id_39187,89.49389
id_39188,89.531624
id_39189,89.56937
id_39190,89.6071
id_39191,89.64483
id_39192,89.75804
id_39193,89.79578
id_39194,89.83883
id_39195,89.88356
id_39196,89.88922
id_39197,90.15151
id_39198,90.311615
id_39199,90.4549
id_39200,90.560196
id_39201,90.670746
id_39202,90.59346
id_39203,90.05781
id_39204,74.66251
id_39205,88.29975
id_39206,86.613884
id_39207,86.05109
id_39921,57.99347
id_39922,59.10086
id_39923,59.46897
id_39924,59.743336
id_39925,59.96832
id_39926,60.071438
id_39927,52.201134
id_39928,60.11458
id_39929,60.12381
id_39930,60.13302
id_39931,60.142235
id_39932,60.16987
id_39933,60.179085
id_39934,60.188293
id_39935,60.197502
id_39936,60.204826
id_39937,60.191307
id_39938,60.179176
id_39939,59.813988
id_39940,59.133556
id_39941,72.1425
id_39942,72.16059
id_39943,72.178665
id_39944,72.19674
id_39945,72.21481
id_39946,72.269066
id_39947,72.27224
id_39948,72.254036
id_39949,72.23369
id_39950,72.21257
id_39951,72.568855
id_39952,72.71484
id_39953,72.86084
id_39954,73.006836
id_39955,73.153175
id_39956,73.60718
id_39957,73.29234
id_39958,64.29654
id_39959,71.98733
id_39960,70.56105
id_39961,69.86539
id_40675,34.510963
id_40676,34.666664
id_40677,34.73293
id_40678,34.809933
id_40679,34.89845
id_40680,34.979218
id_40681,49.40516
id_40682,35.169422
id_40683,35.145126
id_40684,35.119267
id_40685,35.093407
id_40686,34.90751
id_40687,34.788498
id_40688,34.669487
id_40689,34.550472
id_40690,34.43295
id_40691,34.090443
id_40692,33.976273
id_40693,33.862106
id_40694,33.634384
id_40695,26.676853
id_40696,26.668896
id_40697,26.660934
id_40698,26.652973
id_40699,26.645012
id_40700,26.623997
id_40701,26.609882
id_40702,26.58545
id_40703,26.56102
id_40704,26.536587
id_40705,26.514122
id_40706,26.527088
id_40707,26.540047
id_40708,26.553009
id_40709,26.565971
id_40710,26.511623
id_40711,26.440323
id_40712,44.14509
id_40713,26.226425
id_40714,26.012524
id_40715,25.941223
id_41429,72.969574
id_41430,72.98701
id_41431,73.00523
id_41432,73.0404
id_41433,73.07556
id_41434,73.110725
id_41435,80.97583
id_41436,73.2612
id_41437,73.273
id_41438,73.28179
id_41439,73.29058
id_41440,73.296
id_41441,73.19206
id_41442,73.092094
id_41443,72.99842
id_41444,72.904755
id_41445,72.6912
id_41446,72.625656
id_41447,72.55937
id_41448,72.47382
id_41449,79.497894
id_41450,79.5755
id_41451,79.653114
id_41452,79.7197
id_41453,79.70529
id_41454,79.67262
id_41455,79.672874
id_41456,79.6731
id_41457,79.675415
id_41458,79.69188
id_41459,79.8216
id_41460,79.89015
id_41461,79.95541
id_41462,80.02066
id_41463,80.07292
id_41464,79.859695
id_41465,79.40956
id_41466,82.85758
id_41467,78.250984
id_41468,77.06486
id_41469,76.65108
id_42183,78.537704
id_42184,78.63381
id_42185,78.66585
id_42186,78.6874
id_42187,78.6758
id_42188,78.664185
id_42189,96.38377
id_42190,78.60749
id_42191,78.59293
id_42192,78.57839
id_42193,78.56385
id_42194,78.47951
id_42195,78.30528
id_42196,78.13104
id_42197,77.95682
id_42198,77.782585
id_42199,77.323524
id_42200,77.19511
id_42201,77.051254
id_42202,76.78578
id_42203,72.280426
id_42204,72.26268
id_42205,72.24579
id_42206,72.22889
id_42207,72.21199
id_42208,72.16131
id_42209,72.144516
id_42210,72.12776
id_42211,72.10094
id_42212,72.033134
id_42213,71.95371
id_42214,71.953026
id_42215,71.9469
id_42216,71.98704
id_42217,72.02718
id_42218,71.93552
id_42219,71.63581
id_42220,99.06232
id_42221,70.930305
id_42222,70.26762
id_42223,70.04335
id_42937,49.016243
id_42938,48.929302
id_42939,48.90033
id_42940,48.87134
id_42941,48.84237
id_42942,48.81339
id_42943,50.677208
id_42944,48.71383
id_42945,48.700054
id_42946,48.68627
id_42947,48.667828
id_42948,48.492035
id_42949,48.434093
id_42950,48.43533
id_42951,48.43778
id_42952,48.447643
id_42953,48.570084
id_42954,48.624268
id_42955,48.682877
id_42956,48.80011
id_42957,46.109985
id_42958,46.097103
id_42959,46.084316
id_42960,46.071526
id_42961,46.05873
id_42962,46.020363
id_42963,45.999336
id_42964,45.973465
id_42965,45.947594
id_42966,45.92203
id_42967,45.925186
id_42968,45.959293
id_42969,45.993397
id_42970,46.027504
id_42971,46.061607
id_42972,45.948067
id_42973,45.752697
id_42974,45.640675
id_42975,45.16663
id_42976,44.527378
id_42977,44.295494
id_43691,97.88809
id_43692,97.76564
id_43693,97.725296
id_43694,97.68495
id_43695,97.64461
id_43696,97.60723
id_43697,108.3533
id_43698,97.50944
id_43699,97.4747
id_43700,97.439964
id_43701,97.40525
id_43702,97.26331
id_43703,97.1326
id_43704,97.00191
id_43705,96.87937
id_43706,96.77603
id_43707,96.47397
id_43708,96.391914
id_43709,96.320045
id_43710,96.18634
id_43711,98.6229
id_43712,98.66661
id_43713,98.71032
id_43714,98.75403
id_43715,98.79774
id_43716,98.93624
id_43717,98.98406
id_43718,99.031876
id_43719,99.04835
id_43720,99.002655
id_43721,98.992966
id_43722,99.02947
id_43723,99.06606
id_43724,99.103325
id_43725,99.14252
id_43726,99.189445
id_43727,99.08841
id_43728,107.92062
id_43729,98.4253
id_43730,97.54259
id_43731,97.24836
id_44445,52.062508
id_44446,52.68307
id_44447,52.837868
id_44448,52.888664
id_44449,52.939453
id_44450,52.99026
id_44451,52.176212
id_44452,53.151993
id_44453,53.190304
id_44454,53.228622
id_44455,53.272995
id_44456,53.412285
id_44457,53.458702
id_44458,53.501457
id_44459,53.498684
id_44460,53.47908
id_44461,53.42025
id_44462,53.40064
id_44463,53.381027
id_44464,53.34182
id_44465,62.390663
id_44466,62.430313
id_44467,62.469963
id_44468,62.50963
id_44469,62.549282
id_44470,62.668247
id_44471,62.7079
id_44472,62.747562
id_44473,62.787205
id_44474,62.826862
id_44475,63.106644
id_44476,63.2401
id_44477,63.37246
id_44478,63.504776
id_44479,63.640335
id_44480,64.03117
id_44481,63.788574
id_44482,60.93383
id_44483,62.525284
id_44484,61.649254
id_44485,61.332653
id_45199,47.22338
id_45200,47.233547
id_45201,47.236927
id_45202,47.240314
id_45203,47.243706
id_45204,47.24709
id_45205,49.442707
id_45206,47.26064
id_45207,47.264023
id_45208,47.267414
id_45209,47.2701
id_45210,47.277206
id_45211,47.27958
id_45212,47.281944
id_45213,47.284306
id_45214,47.28668
id_45215,47.293785
id_45216,47.29615
id_45217,47.298515
id_45218,47.303192
id_45219,47.8925
id_45220,47.891235
id_45221,47.889977
id_45222,47.887733
id_45223,47.885307
id_45224,47.855686
id_45225,47.833805
id_45226,47.806477
id_45227,47.778885
id_45228,47.751293
id_45229,47.67078
id_45230,47.645054
id_45231,47.61932
id_45232,47.593594
id_45233,47.567867
id_45234,47.430996
id_45235,47.351635
id_45236,48.241608
id_45237,47.16243
id_45238,47.064762
id_45239,47.032204
id_45953,82.43911
id_45954,82.92393
id_45955,82.91235
id_45956,82.89789
id_45957,82.88342
id_45958,82.86894
id_45959,95.57129
id_45960,82.811066
id_45961,82.796585
id_45962,82.78213
id_45963,82.76765
id_45964,82.72424
id_45965,82.70485
id_45966,82.5061
id_45967,82.307365
id_45968,82.10861
id_45969,81.52485
id_45970,81.32829
id_45971,81.13467
id_45972,80.818436
id_45973,88.516014
id_45974,88.5777
id_45975,88.63954
id_45976,88.70715
id_45977,88.77477
id_45978,88.97763
id_45979,89.049644
id_45980,89.122894
id_45981,89.196175
id_45982,89.26943
id_45983,89.43689
id_45984,89.5097
id_45985,89.582535
id_45986,89.681564
id_45987,89.781845
id_45988,89.97423
id_45989,89.44967
id_45990,94.41522
id_45991,88.37689
id_45992,87.40888
id_45993,87.083885
id_46707,26.45477
id_46708,26.295094
id_46709,26.241867
id_46710,26.188648
id_46711,26.135422
id_46712,26.082195
id_46713,25.770332
id_46714,25.870132
id_46715,25.817577
id_46716,25.765015
id_46717,25.71251
id_46718,25.559345
id_46719,25.508286
id_46720,25.45723
id_46721,25.400055
id_46722,25.337868
id_46723,25.198647
id_46724,25.157055
id_46725,25.122192
id_46726,25.054386
id_46727,31.168106
id_46728,31.20211
id_46729,31.236122
id_46730,31.267529
id_46731,31.295544
id_46732,31.379429
id_46733,31.401024
id_46734,31.422447
id_46735,31.443878
id_46736,31.46531
id_46737,31.564285
id_46738,31.613033
id_46739,31.672836
id_46740,31.733646
id_46741,31.794453
id_46742,31.87344
id_46743,31.82061
id_46744,30.730679
id_46745,31.529236
id_46746,30.914242
id_46747,30.548725
id_47461,100.64221
id_47462,101.0108
id_47463,101.03342
id_47464,101.05603
id_47465,101.07865
id_47466,101.10125
id_47467,114.128555
id_47468,101.17555
id_47469,101.19121
id_47470,101.20686
id_47471,101.2225
id_47472,101.25925
id_47473,101.20801
id_47474,100.86048
id_47475,100.56651
id_47476,100.27451
id_47477,99.43359
id_47478,99.172104
id_47479,98.910614
id_47480,98.38762
id_47481,99.31162
id_47482,99.317986
id_47483,99.324356
id_47484,99.33073
id_47485,99.3068
id_47486,99.11699
id_47487,99.05733
id_47488,98.999054
id_47489,98.94373
id_47490,98.87974
id_47491,98.83695
id_47492,98.82725
id_47493,98.80856
id_47494,98.7899
id_47495,98.80605
id_47496,98.86987
id_47497,98.17389
id_47498,115.29369
id_47499,96.1486
id_47500,94.160835
id_47501,93.52896
id_48215,31.45657
id_48216,31.468834
id_48217,31.472923
id_48218,31.477009
id_48219,31.481098
id_48220,31.485043
id_48221,32.81538
id_48222,31.500614
id_48223,31.50475
id_48224,31.50953
id_48225,31.522446
id_48226,31.591988
id_48227,31.640263
id_48228,31.688538
id_48229,31.7364
id_48230,31.783455
id_48231,31.92461
id_48232,31.971664
id_48233,32.016933
id_48234,32.08813
id_48235,34.718872
id_48236,34.71373
id_48237,34.708595
id_48238,34.703453
id_48239,34.698315
id_48240,34.684654
id_48241,34.681866
id_48242,34.679783
id_48243,34.678165
id_48244,34.676914
id_48245,34.67995
id_48246,34.684498
id_48247,34.689045
id_48248,34.693596
id_48249,34.698143
id_48250,34.706894
id_48251,34.706627
id_48252,34.269844
id_48253,34.70027
id_48254,34.681713
id_48255,34.677135
id_48969,128.93022
id_48970,129.35109
id_48971,129.46098
id_48972,129.63554
id_48973,129.67381
id_48974,129.61325
id_48975,112.61934
id_48976,129.42603
id_48977,129.39206
id_48978,129.29758
id_48979,129.20183
id_48980,128.91112
id_48981,128.81168
id_48982,128.71172
id_48983,128.48544
id_48984,128.21379
id_48985,127.415245
id_48986,127.143715
id_48987,126.87219
id_48988,126.32448
id_48989,101.42711
id_48990,101.51117
id_48991,101.59525
id_48992,101.67933
id_48993,101.769226
id_48994,102.081436
id_48995,102.18747
id_48996,102.29358
id_48997,102.39966
id_48998,102.50577
id_48999,103.153
id_49000,103.43912
id_49001,103.72523
id_49002,104.0446
id_49003,104.37156
id_49004,105.0087
id_49005,104.84111
id_49006,101.21609
id_49007,104.15428
id_49008,103.465836
id_49009,103.064896
id_49723,52.48309
id_49724,53.19886
id_49725,53.426487
id_49726,53.565277
id_49727,53.704235
id_49728,53.85392
id_49729,141.33235
id_49730,54.4526
id_49731,54.60228
id_49732,54.75196
id_49733,54.901634
id_49734,55.341698
id_49735,55.424973
id_49736,55.352173
id_49737,55.222332
id_49738,55.22567
id_49739,55.23565
id_49740,55.238987
id_49741,55.24232
id_49742,55.248974
id_49743,52.05824
id_49744,52.02858
id_49745,51.998917
id_49746,51.969273
id_49747,51.939617
id_49748,51.879753
id_49749,51.872807
id_49750,51.851154
id_49751,51.900578
id_49752,51.951088
id_49753,52.245823
id_49754,52.407578
id_49755,52.580444
id_49756,52.82268
id_49757,53.07811
id_49758,53.86976
id_49759,54.13614
id_49760,141.74467
id_49761,54.913445
id_49762,55.017265
id_49763,54.885864
id_50477,134.27675
id_50478,134.88501
id_50479,135.03151
id_50480,135.07971
id_50481,135.12791
id_50482,135.1761
id_50483,140.53917
id_50484,135.38736
id_50485,135.45337
id_50486,135.51936
id_50487,135.58534
id_50488,135.78333
id_50489,135.84932
id_50490,135.76501
id_50491,135.60054
id_50492,135.4372
id_50493,135.05525
id_50494,134.88945
id_50495,134.72363
id_50496,134.39737
id_50497,141.84335
id_50498,141.75385
id_50499,141.66649
id_50500,141.55183
id_50501,141.41466
id_50502,141.11609
id_50503,140.19717
id_50504,139.25922
id_50505,138.32121
id_50506,137.06006
id_50507,130.85123
id_50508,127.50377
id_50509,124.0841
id_50510,120.65688
id_50511,117.22967
id_50512,107.11639
id_50513,104.08303
id_50514,134.60196
id_50515,95.31725
id_50516,85.76659
id_50517,82.80907
id_51231,61.547432
id_51232,61.52649
id_51233,61.536713
id_51234,61.546932
id_51235,61.55716
id_51236,61.567375
id_51237,56.661404
id_51238,61.608273
id_51239,61.6185
id_51240,61.6284
id_51241,61.637257
id_51242,61.66382
id_51243,61.67294
id_51244,61.686768
id_51245,61.700596
id_51246,61.714424
id_51247,61.701935
id_51248,61.69729
id_51249,61.692635
id_51250,61.68334
id_51251,61.979713
id_51252,61.985577
id_51253,61.991436
id_51254,61.997295
id_51255,62.003155
id_51256,62.023834
id_51257,62.032333
id_51258,62.04083
id_51259,62.049324
id_51260,62.057816
id_51261,62.092934
id_51262,62.109993
id_51263,62.127052
id_51264,62.14412
id_51265,62.16119
id_51266,62.202423
id_51267,62.207706
id_51268,44.529785
id_51269,62.220985
id_51270,62.234253
id_51271,62.238678
id_51985,35.164837
id_51986,35.092625
id_51987,35.06614
id_51988,35.03948
id_51989,35.012817
id_51990,34.986164
id_51991,34.52292
id_51992,34.880962
id_51993,34.836006
id_51994,34.819668
id_51995,34.820274
id_51996,34.786716
id_51997,34.770096
id_51998,34.75916
id_51999,34.748226
id_52000,34.737297
id_52001,34.81171
id_52002,34.845818
id_52003,34.879925
id_52004,34.948128
id_52005,39.664467
id_52006,39.699757
id_52007,39.73505
id_52008,39.770348
id_52009,39.805637
id_52010,39.911522
id_52011,39.947384
id_52012,39.97739
id_52013,40.004574
id_52014,40.03175
id_52015,40.11371
id_52016,40.137077
id_52017,40.156
id_52018,40.174915
id_52019,40.1958
id_52020,40.29125
id_52021,40.371475
id_52022,41.966366
id_52023,40.681694
id_52024,41.035885
id_52025,40.98468
id_52739,99.41904
id_52740,99.52866
id_52741,99.49753
id_52742,99.47464
id_52743,99.45176
id_52744,99.42889
id_52745,98.98894
id_52746,99.33738
id_52747,99.31449
id_52748,99.29161
id_52749,99.26873
id_52750,99.16257
id_52751,99.05435
id_52752,98.94616
id_52753,98.83678
id_52754,98.7329
id_52755,96.6228
id_52756,95.0175
id_52757,93.41229
id_52758,90.26581
id_52759,93.4801
id_52760,93.45301
id_52761,93.425934
id_52762,93.39886
id_52763,93.37178
id_52764,93.29054
id_52765,93.26346
id_52766,93.23639
id_52767,93.17998
id_52768,93.07517
id_52769,92.96624
id_52770,92.999374
id_52771,93.03249
id_52772,93.06562
id_52773,93.09874
id_52774,93.1232
id_52775,92.6376
id_52776,97.860954
id_52777,91.516594
id_52778,90.40541
id_52779,90.037636
id_53493,120.08148
id_53494,120.50166
id_53495,120.5055
id_53496,120.5134
id_53497,120.5213
id_53498,120.5292
id_53499,124.711655
id_53500,120.40848
id_53501,120.33939
id_53502,120.27031
id_53503,120.20122
id_53504,119.99395
id_53505,119.861565
id_53506,119.70803
id_53507,119.5926
id_53508,119.47716
id_53509,119.130875
id_53510,119.01543
id_53511,118.89999
id_53512,118.67076
id_53513,121.11247
id_53514,121.138664
id_53515,121.16484
id_53516,121.191025
id_53517,121.21721
id_53518,121.29578
id_53519,121.32197
id_53520,121.34815
id_53521,121.37434
id_53522,121.3345
id_53523,121.39492
id_53524,121.49967
id_53525,121.6074
id_53526,121.71161
id_53527,121.82078
id_53528,122.17622
id_53529,121.84724
id_53530,127.918144
id_53531,120.8032
id_53532,119.79522
id_53533,119.48328
id_54247,57.949047
id_54248,57.992046
id_54249,57.986282
id_54250,57.980522
id_54251,57.9746
id_54252,57.966763
id_54253,58.164845
id_54254,57.93541
id_54255,57.92673
id_54256,57.917038
id_54257,57.90697
id_54258,57.796257
id_54259,57.64576
id_54260,57.627197
id_54261,57.61741
id_54262,57.60762
id_54263,57.578247
id_54264,57.568462
id_54265,57.558674
id_54266,57.53909
id_54267,63.342247
id_54268,63.360703
id_54269,63.379154
id_54270,63.397606
id_54271,63.416046
id_54272,63.471405
id_54273,63.489864
id_54274,63.508152
id_54275,63.486473
id_54276,63.446747
id_54277,63.382057
id_54278,63.381172
id_54279,63.38029
id_54280,63.379402
id_54281,63.378517
id_54282,63.36822
id_54283,63.193092
id_54284,62.789562
id_54285,62.659702
id_54286,62.12631
id_54287,61.94852
id_55001,43.581337
id_55002,43.68706
id_55003,43.714397
id_55004,43.74392
id_55005,43.77454
id_55006,43.805553
id_55007,43.16097
id_55008,44.05556
id_55009,44.116558
id_55010,44.177563
id_55011,44.238567
id_55012,44.351486
id_55013,44.38089
id_55014,44.381966
id_55015,44.37558
id_55016,44.36919
id_55017,44.35071
id_55018,44.345963
id_55019,44.34121
id_55020,44.332798
id_55021,48.98316
id_55022,49.177315
id_55023,49.362717
id_55024,49.54811
id_55025,49.733448
id_55026,50.384453
id_55027,50.650024
id_55028,50.888084
id_55029,51.12617
id_55030,51.361298
id_55031,52.04583
id_55032,52.24928
id_55033,52.433655
id_55034,52.620388
id_55035,52.807133
id_55036,53.074284
id_55037,53.201633
id_55038,47.69926
id_55039,52.469296
id_55040,52.25888
id_55041,52.698174
id_55755,92.71517
id_55756,92.7581
id_55757,92.772415
id_55758,92.786736
id_55759,92.80104
id_55760,92.81535
id_55761,54.34218
id_55762,92.87302
id_55763,92.89659
id_55764,92.92318
id_55765,92.94978
id_55766,93.08825
id_55767,93.14367
id_55768,93.19914
id_55769,93.24467
id_55770,93.27421
id_55771,93.37156
id_55772,93.404465
id_55773,93.43737
id_55774,93.50319
id_55775,96.13109
id_55776,96.10027
id_55777,96.06946
id_55778,96.03865
id_55779,95.98714
id_55780,95.83401
id_55781,95.79285
id_55782,95.74032
id_55783,95.68779
id_55784,95.611046
id_55785,95.400696
id_55786,95.35597
id_55787,95.30441
id_55788,95.23114
id_55789,95.15787
id_55790,94.90859
id_55791,94.4778
id_55792,82.63787
id_55793,92.919945
id_55794,92.34032
id_55795,92.23625
id_56509,64.7955
id_56510,64.60773
id_56511,64.56839
id_56512,64.53577
id_56513,64.48239
id_56514,64.37515
id_56515,71.09666
id_56516,64.0613
id_56517,64.01056
id_56518,63.959785
id_56519,63.90904
id_56520,63.756763
id_56521,63.71704
id_56522,63.67098
id_56523,63.56309
id_56524,63.558155
id_56525,63.543327
id_56526,63.538372
id_56527,63.53344
id_56528,63.523544
id_56529,68.95361
id_56530,68.963936
id_56531,68.97427
id_56532,68.98461
id_56533,68.99495
id_56534,69.025955
id_56535,69.03629
id_56536,69.04663
id_56537,69.07106
id_56538,69.09763
id_56539,69.16719
id_56540,69.21742
id_56541,69.29475
id_56542,69.38465
id_56543,69.474556
id_56544,69.746
id_56545,69.731674
id_56546,81.38764
id_56547,69.316734
id_56548,69.18333
id_56549,69.18128
id_57263,90.11634
id_57264,90.46004
id_57265,90.58992
id_57266,90.60052
id_57267,90.59012
id_57268,90.57972
id_57269,92.542595
id_57270,90.53813
id_57271,90.52774
id_57272,90.51955
id_57273,90.51145
id_57274,90.487175
id_57275,90.453285
id_57276,90.35119
id_57277,90.24908
id_57278,90.14698
id_57279,89.8409
id_57280,89.74783
id_57281,89.6584
id_57282,89.48382
id_57283,98.35669
id_57284,98.405594
id_57285,98.45911
id_57286,98.51302
id_57287,98.566956
id_57288,98.72873
id_57289,98.78269
id_57290,98.83814
id_57291,98.90446
id_57292,98.957954
id_57293,99.1726
id_57294,99.256195
id_57295,99.35059
id_57296,99.445
id_57297,99.539406
id_57298,99.822624
id_57299,99.69122
id_57300,101.89517
id_57301,98.91231
id_57302,97.949265
id_57303,97.62517
id_58017,41.00423
id_58018,40.963554
id_58019,40.958218
id_58020,40.953224
id_58021,40.94907
id_58022,40.944912
id_58023,41.84005
id_58024,40.928288
id_58025,40.924137
id_58026,40.919857
id_58027,40.913895
id_58028,40.89601
id_58029,40.890053
id_58030,40.88409
id_58031,40.878128
id_58032,40.872166
id_58033,40.869987
id_58034,40.869286
id_58035,40.868587
id_58036,40.871094
id_58037,41.793243
id_58038,41.776928
id_58039,41.76061
id_58040,41.74429
id_58041,41.72797
id_58042,41.668686
id_58043,41.642166
id_58044,41.615643
id_58045,41.589123
id_58046,41.5626
id_58047,41.5296
id_58048,41.545494
id_58049,41.56138
id_58050,41.57727
id_58051,41.59316
id_58052,41.612587
id_58053,41.576416
id_58054,43.572563
id_58055,41.467884
id_58056,41.35936
id_58057,41.323193
id_58771,69.120346
id_58772,68.79599
id_58773,68.76495
id_58774,68.766815
id_58775,68.768654
id_58776,68.77051
id_58777,73.9886
id_58778,68.77791
id_58779,68.77977
id_58780,68.78161
id_58781,68.78716
id_58782,68.82428
id_58783,68.83666
id_58784,68.84903
id_58785,68.86141
id_58786,68.87378
id_58787,68.910904
id_58788,68.92328
id_58789,68.935646
id_58790,68.960396
id_58791,74.51993
id_58792,74.54918
id_58793,74.577515
id_58794,74.60012
id_58795,74.62273
id_58796,74.68564
id_58797,74.69064
id_58798,74.695656
id_58799,74.700676
id_58800,74.70569
id_58801,74.70865
id_58802,74.70329
id_58803,74.69793
id_58804,74.69256
id_58805,74.687195
id_58806,74.65251
id_58807,74.596146
id_58808,74.33928
id_58809,74.37856
id_58810,74.03469
id_58811,73.922844
id_59525,88.9995
id_59526,88.99722
id_59527,88.9748
id_59528,88.95354
id_59529,88.938736
id_59530,88.92743
id_59531,93.13077
id_59532,88.88832
id_59533,88.88027
id_59534,88.871994
id_59535,88.86716
id_59536,88.8376
id_59537,88.704544
id_59538,88.57147
id_59539,88.4384
id_59540,88.30534
id_59541,87.90615
id_59542,87.77309
id_59543,87.640015
id_59544,87.45984
id_59545,92.37421
id_59546,92.4085
id_59547,92.445076
id_59548,92.481636
id_59549,92.508514
id_59550,92.58673
id_59551,92.630005
id_59552,92.67221
id_59553,92.69979
id_59554,92.67296
id_59555,92.93762
id_59556,93.14247
id_59557,93.341064
id_59558,93.53966
id_59559,93.738235
id_59560,94.334
id_59561,94.20636
id_59562,90.956024
id_59563,93.43816
id_59564,92.12087
id_59565,91.638664
id_60279,98.21112
id_60280,98.56556
id_60281,98.60132
id_60282,98.637955
id_60283,98.69461
id_60284,98.7692
id_60285,91.868904
id_60286,99.07068
id_60287,99.16424
id_60288,99.25779
id_60289,99.35137
id_60290,99.548515
id_60291,99.39541
id_60292,99.233604
id_60293,99.053246
id_60294,98.33843
id_60295,95.73608
id_60296,94.87565
id_60297,94.03991
id_60298,92.36842
id_60299,85.46591
id_60300,85.491646
id_60301,85.52222
id_60302,85.54803
id_60303,85.56837
id_60304,85.59356
id_60305,85.520424
id_60306,85.44729
id_60307,85.365456
id_60308,85.26134
id_60309,85.26599
id_60310,85.38004
id_60311,85.494514
id_60312,85.61025
id_60313,85.726006
id_60314,86.14672
id_60315,85.92003
id_60316,89.9343
id_60317,84.674355
id_60318,83.160034
id_60319,82.68429
id_61033,92.49585
id_61034,93.614265
id_61035,93.99013
id_61036,94.361664
id_61037,94.73177
id_61038,95.10189
id_61039,86.22787
id_61040,95.629364
id_61041,95.67009
id_61042,95.65715
id_61043,95.64422
id_61044,95.6054
id_61045,95.592445
id_61046,95.57782
id_61047,95.52721
id_61048,95.47661
id_61049,95.32481
id_61050,95.274155
id_61051,95.22037
id_61052,95.11275
id_61053,101.72012
id_61054,101.761986
id_61055,101.80581
id_61056,101.84323
id_61057,101.858505
id_61058,101.90429
id_61059,101.919556
id_61060,101.934906
id_61061,101.96334
id_61062,101.99178
id_61063,101.9989
id_61064,101.99876
id_61065,101.99863
id_61066,101.998474
id_61067,101.998344
id_61068,101.94974
id_61069,101.7705
id_61070,95.6581
id_61071,99.48807
id_61072,97.016174
id_61073,96.17443
id_61787,56.678024
id_61788,56.6909
id_61789,56.695187
id_61790,56.699474
id_61791,56.703773
id_61792,56.70807
id_61793,57.9471
id_61794,56.725227
id_61795,56.72854
id_61796,56.727947
id_61797,56.727356
id_61798,56.7256
id_61799,56.725014
id_61800,56.724426
id_61801,56.723843
id_61802,56.72326
id_61803,56.720562
id_61804,56.71915
id_61805,56.717728
id_61806,56.714905
id_61807,56.987015
id_61808,56.977905
id_61809,56.968784
id_61810,56.95967
id_61811,56.952778
id_61812,56.922745
id_61813,56.91141
id_61814,56.900078
id_61815,56.88875
id_61816,56.878143
id_61817,56.856594
id_61818,56.853806
id_61819,56.85232
id_61820,56.850845
id_61821,56.849373
id_61822,56.83612
id_61823,56.868668
id_61824,57.594627
id_61825,57.182026
id_61826,57.123894
id_61827,57.104603
id_62541,101.39682
id_62542,101.02586
id_62543,100.90222
id_62544,100.778564
id_62545,100.662605
id_62546,100.651054
id_62547,131.61789
id_62548,100.719696
id_62549,100.73685
id_62550,100.75403
id_62551,100.77117
id_62552,100.82267
id_62553,100.839806
id_62554,100.71861
id_62555,100.59321
id_62556,100.47091
id_62557,100.02543
id_62558,99.87539
id_62559,99.72266
id_62560,99.42442
id_62561,118.54718
id_62562,118.10397
id_62563,117.69731
id_62564,117.30667
id_62565,117.32037
id_62566,117.49067
id_62567,117.51515
id_62568,117.53965
id_62569,117.56412
id_62570,117.58861
id_62571,117.69239
id_62572,117.760605
id_62573,117.84212
id_62574,117.939415
id_62575,118.06046
id_62576,118.39825
id_62577,118.20054
id_62578,134.47368
id_62579,116.37685
id_62580,114.71755
id_62581,114.16127
id_63295,136.63647
id_63296,137.11586
id_63297,137.28215
id_63298,137.44846
id_63299,137.60762
id_63300,137.60567
id_63301,135.92978
id_63302,137.55598
id_63303,137.54356
id_63304,137.53113
id_63305,137.51872
id_63306,137.48145
id_63307,137.46562
id_63308,137.36807
id_63309,137.24298
id_63310,137.11053
id_63311,136.71318
id_63312,136.58073
id_63313,136.45201
id_63314,136.23157
id_63315,153.11601
id_63316,153.20674
id_63317,153.29747
id_63318,153.3882
id_63319,153.47894
id_63320,153.75116
id_63321,153.8419
id_63322,153.93265
id_63323,154.02336
id_63324,154.1141
id_63325,154.29906
id_63326,154.42586
id_63327,154.57187
id_63328,154.71785
id_63329,154.88095
id_63330,155.68617
id_63331,155.67189
id_63332,131.63521
id_63333,153.59096
id_63334,151.75945
id_63335,151.21608
id_64049,52.407352
id_64050,52.39419
id_64051,52.389805
id_64052,52.39243
id_64053,52.39788
id_64054,52.403336
id_64055,50.72254
id_64056,52.425148
id_64057,52.430603
id_64058,52.43605
id_64059,52.442764
id_64060,52.46367
id_64061,52.47063
id_64062,52.477592
id_64063,52.484566
id_64064,52.49153
id_64065,52.512424
id_64066,52.5194
id_64067,52.52636
id_64068,52.54029
id_64069,51.864143
id_64070,51.844986
id_64071,51.82583
id_64072,51.80666
id_64073,51.787502
id_64074,51.707085
id_64075,51.661915
id_64076,51.616753
id_64077,51.571575
id_64078,51.5264
id_64079,51.441055
id_64080,51.442154
id_64081,51.443256
id_64082,51.444355
id_64083,51.445465
id_64084,51.438515
id_64085,51.38636
id_64086,51.71206
id_64087,51.22991
id_64088,51.073997
id_64089,51.021286
id_64803,79.81444
id_64804,79.742256
id_64805,79.71818
id_64806,79.73303
id_64807,79.753426
id_64808,79.77382
id_64809,82.79927
id_64810,79.8554
id_64811,79.8758
id_64812,79.896194
id_64813,79.931595
id_64814,79.99859
id_64815,79.96572
id_64816,79.93287
id_64817,79.899994
id_64818,79.867134
id_64819,79.76855
id_64820,79.724365
id_64821,79.66368
id_64822,79.54232
id_64823,86.94676
id_64824,86.98515
id_64825,87.02355
id_64826,87.06194
id_64827,87.10035
id_64828,87.20748
id_64829,87.2375
id_64830,87.25235
id_64831,87.2672
id_64832,87.282036
id_64833,87.37995
id_64834,87.440414
id_64835,87.50089
id_64836,87.56137
id_64837,87.62184
id_64838,87.80325
id_64839,87.69358
id_64840,87.437386
id_64841,87.05312
id_64842,86.027954
id_64843,85.679565
id_65557,73.86516
id_65558,73.93688
id_65559,73.93099
id_65560,73.92512
id_65561,73.919235
id_65562,73.90682
id_65563,76.35623
id_65564,73.848145
id_65565,73.833466
id_65566,73.81201
id_65567,73.78778
id_65568,73.6942
id_65569,73.657
id_65570,73.619804
id_65571,73.58259
id_65572,73.54539
id_65573,73.43378
id_65574,73.415215
id_65575,73.40155
id_65576,73.37468
id_65577,77.728004
id_65578,77.74252
id_65579,77.75702
id_65580,77.77152
id_65581,77.78604
id_65582,77.829544
id_65583,77.844055
id_65584,77.85329
id_65585,77.85823
id_65586,77.863174
id_65587,77.917435
id_65588,77.95593
id_65589,77.99422
id_65590,78.03232
id_65591,78.07041
id_65592,78.18177
id_65593,78.110565
id_65594,81.97836
id_65595,77.567764
id_65596,76.948105
id_65597,76.73284
id_66311,122.42408
id_66312,122.18131
id_66313,122.09219
id_66314,122.007324
id_66315,121.923996
id_66316,121.81149
id_66317,120.5596
id_66318,121.35265
id_66319,121.237946
id_66320,121.123245
id_66321,121.00852
id_66322,120.66439
id_66323,120.529945
id_66324,120.35282
id_66325,120.175705
id_66326,120.01526
id_66327,119.65377
id_66328,119.53329
id_66329,119.42676
id_66330,119.24218
id_66331,125.38992
id_66332,125.506935
id_66333,125.62395
id_66334,125.740944
id_66335,125.857956
id_66336,126.20897
id_66337,126.32597
id_66338,126.44298
id_66339,126.561455
id_66340,126.66488
id_66341,126.99077
id_66342,127.16009
id_66343,127.333984
id_66344,127.50044
id_66345,127.65847
id_66346,128.1325
id_66347,128.16513
id_66348,113.45041
id_66349,126.734474
id_66350,125.16487
id_66351,124.254654
id_67065,85.30565
id_67066,85.13653
id_67067,85.06161
id_67068,84.98668
id_67069,84.91175
id_67070,84.83683
id_67071,82.57155
id_67072,84.56153
id_67073,84.49453
id_67074,84.42751
id_67075,84.36051
id_67076,84.12008
id_67077,84.030525
id_67078,83.96115
id_67079,83.90705
id_67080,83.852936
id_67081,83.69063
id_67082,83.63653
id_67083,83.44847
id_67084,82.941284
id_67085,76.98806
id_67086,76.9507
id_67087,76.91333
id_67088,76.86973
id_67089,76.78833
id_67090,76.54413
id_67091,76.46273
id_67092,76.36568
id_67093,76.26157
id_67094,76.15747
id_67095,75.98301
id_67096,75.9919
id_67097,76.00079
id_67098,76.00967
id_67099,76.07349
id_67100,76.27138
id_67101,76.16205
id_67102,81.017456
id_67103,75.530106
id_67104,75.03558
id_67105,74.883705
id_67819,38.924637
id_67820,38.966057
id_67821,38.981297
id_67822,38.996536
id_67823,39.01177
id_67824,39.02701
id_67825,37.34642
id_67826,39.08797
id_67827,39.10321
id_67828,39.118446
id_67829,39.12691
id_67830,39.123993
id_67831,39.130486
id_67832,39.136967
id_67833,39.143456
id_67834,39.149944
id_67835,39.1694
id_67836,39.175888
id_67837,39.182373
id_67838,39.195343
id_67839,40.88196
id_67840,40.841717
id_67841,40.801804
id_67842,40.761898
id_67843,40.72199
id_67844,40.596638
id_67845,40.54
id_67846,40.483353
id_67847,40.426712
id_67848,40.37006
id_67849,40.211033
id_67850,40.164265
id_67851,40.117496
id_67852,40.070724
id_67853,40.023964
id_67854,39.886665
id_67855,39.816387
id_67856,41.25422
id_67857,39.613163
id_67858,39.409935
id_67859,39.343304
id_68573,65.25674
id_68574,65.3374
id_68575,65.3595
id_68576,65.38145
id_68577,65.402626
id_68578,65.4238
id_68579,75.73362
id_68580,65.505806
id_68581,65.51952
id_68582,65.53325
id_68583,65.54696
id_68584,65.51737
id_68585,65.49358
id_68586,65.4698
id_68587,65.44603
id_68588,65.42224
id_68589,65.35091
id_68590,65.320114
id_68591,65.28679
id_68592,65.244064
id_68593,62.399807
id_68594,62.35646
id_68595,62.31312
id_68596,62.269775
id_68597,62.22643
id_68598,62.092335
id_68599,62.04604
id_68600,61.981087
id_68601,61.91229
id_68602,61.843487
id_68603,61.790287
id_68604,61.84416
id_68605,61.89803
id_68606,61.9519
id_68607,62.005955
id_68608,62.156334
id_68609,61.95238
id_68610,65.01228
id_68611,60.79895
id_68612,59.704338
id_68613,59.36414
id_69327,70.7069
id_69328,72.35411
id_69329,72.90283
id_69330,73.31111
id_69331,73.51288
id_69332,73.71069
id_69333,70.77948
id_69334,74.222404
id_69335,74.318756
id_69336,74.4151
id_69337,74.51145
id_69338,74.81116
id_69339,74.91768
id_69340,75.009766
id_69341,75.101845
id_69342,75.19612
id_69343,75.4534
id_69344,75.31779
id_69345,75.089
id_69346,74.60275
id_69347,61.4953
id_69348,61.449135
id_69349,61.40334
id_69350,61.3589
id_69351,61.34285
id_69352,61.294693
id_69353,61.278652
id_69354,61.262596
id_69355,61.22301
id_69356,61.134068
id_69357,61.04915
id_69358,61.137363
id_69359,61.225586
id_69360,61.313812
id_69361,61.402023
id_69362,61.666683
id_69363,61.667168
id_69364,59.96421
id_69365,60.89142
id_69366,60.33174
id_69367,60.232254
id_70081,96.65238
id_70082,96.51869
id_70083,96.72468
id_70084,96.93671
id_70085,97.14872
id_70086,97.36073
id_70087,106.848404
id_70088,97.84949
id_70089,97.94495
id_70090,98.04043
id_70091,98.135895
id_70092,98.42232
id_70093,98.51779
id_70094,98.50648
id_70095,98.47982
id_70096,98.453125
id_70097,98.37312
id_70098,98.346466
id_70099,98.31979
id_70100,98.26647
id_70101,124.68515
id_70102,124.701675
id_70103,124.70112
id_70104,124.69448
id_70105,124.68786
id_70106,124.677635
id_70107,124.686554
id_70108,124.69548
id_70109,124.69674
id_70110,124.67622
id_70111,124.584465
id_70112,124.60026
id_70113,124.619064
id_70114,124.638725
id_70115,124.6584
id_70116,124.7103
id_70117,124.72139
id_70118,125.865036
id_70119,122.764534
id_70120,120.67903
id_70121,119.98387
id_70835,69.371765
id_70836,69.63536
id_70837,69.4817
id_70838,69.13922
id_70839,68.79648
id_70840,68.501076
id_70841,70.09889
id_70842,67.381485
id_70843,67.1016
id_70844,66.82171
id_70845,66.5418
id_70846,65.70212
id_70847,64.8626
id_70848,63.8173
id_70849,63.26948
id_70850,62.85992
id_70851,61.631237
id_70852,61.331318
id_70853,61.13332
id_70854,60.737324
id_70855,40.3567
id_70856,40.354847
id_70857,40.352978
id_70858,40.351124
id_70859,40.349266
id_70860,40.343693
id_70861,40.341824
id_70862,40.33997
id_70863,40.33811
id_70864,40.32226
id_70865,40.41279
id_70866,40.503582
id_70867,40.594383
id_70868,40.685173
id_70869,40.775974
id_70870,41.053017
id_70871,41.12827
id_70872,38.441845
id_70873,40.129948
id_70874,39.17175
id_70875,38.895756
id_71589,97.91501
id_71590,97.71984
id_71591,97.64407
id_71592,97.568306
id_71593,97.49251
id_71594,97.41675
id_71595,92.32518
id_71596,97.113625
id_71597,97.03785
id_71598,96.962074
id_71599,96.8863
id_71600,96.593254
id_71601,96.50966
id_71602,96.42608
id_71603,96.34247
id_71604,96.25888
id_71605,96.0081
id_71606,95.9245
id_71607,95.84091
id_71608,95.67371
id_71609,94.31344
id_71610,94.33895
id_71611,94.36446
id_71612,94.38997
id_71613,94.415474
id_71614,94.49199
id_71615,94.50233
id_71616,94.52292
id_71617,94.54387
id_71618,94.56481
id_71619,94.69225
id_71620,94.770615
id_71621,94.85234
id_71622,94.951035
id_71623,95.04971
id_71624,95.33486
id_71625,95.181244
id_71626,87.426834
id_71627,94.561
id_71628,94.34861
id_71629,94.275024
id_72343,50.04868
id_72344,49.960262
id_72345,49.930794
id_72346,49.901325
id_72347,49.873165
id_72348,49.845566
id_72349,89.760796
id_72350,49.733517
id_72351,49.69523
id_72352,49.656933
id_72353,49.618034
id_72354,49.413322
id_72355,49.34591
id_72356,49.254505
id_72357,49.15752
id_72358,49.06052
id_72359,48.76954
id_72360,48.668682
id_72361,48.56709
id_72362,48.363888
id_72363,46.849174
id_72364,46.78469
id_72365,46.720562
id_72366,46.656494
id_72367,46.592754
id_72368,46.402267
id_72369,46.299717
id_72370,46.19565
id_72371,46.09158
id_72372,45.987503
id_72373,45.79583
id_72374,45.800003
id_72375,45.804173
id_72376,45.808346
id_72377,45.813145
id_72378,45.825638
id_72379,45.421032
id_72380,85.60604
id_72381,43.45219
id_72382,41.44564
id_72383,40.779022
id_73097,139.31425
id_73098,138.40529
id_73099,138.1023
id_73100,137.79698
id_73101,137.47737
id_73102,137.15776
id_73103,127.60409
id_73104,136.24332
id_73105,136.04137
id_73106,135.83942
id_73107,135.63745
id_73108,135.00417
id_73109,134.78194
id_73110,134.4518
id_73111,134.11055
id_73112,133.76932
id_73113,132.73738
id_73114,132.39285
id_73115,132.04483
id_73116,131.25865
id_73117,128.37651
id_73118,128.54918
id_73119,128.72185
id_73120,128.8964
id_73121,129.0725
id_73122,129.41064
id_73123,129.48369
id_73124,129.57239
id_73125,129.66112
id_73126,129.7508
id_73127,130.42534
id_73128,130.73595
id_73129,131.03227
id_73130,131.49928
id_73131,132.12201
id_73132,133.99016
id_73133,134.61288
id_73134,130.43977
id_73135,134.57567
id_73136,134.52567
id_73137,134.50897
id_73851,110.71835
id_73852,109.01009
id_73853,108.53541
id_73854,108.06072
id_73855,107.58604
id_73856,107.11137
id_73857,121.44122
id_73858,106.426125
id_73859,106.33305
id_73860,106.240005
id_73861,106.14693
id_73862,105.86777
id_73863,105.76851
id_73864,105.664986
id_73865,105.61021
id_73866,105.75435
id_73867,106.42828
id_73868,106.65298
id_73869,106.87756
id_73870,107.82736
id_73871,130.13293
id_73872,130.12508
id_73873,130.11723
id_73874,130.04855
id_73875,129.97618
id_73876,129.75906
id_73877,129.69662
id_73878,129.7337
id_73879,129.77365
id_73880,129.80891
id_73881,129.94444
id_73882,130.02477
id_73883,130.10509
id_73884,130.18541
id_73885,130.26573
id_73886,130.50677
id_73887,130.60149
id_73888,128.34119
id_73889,128.98499
id_73890,127.25829
id_73891,126.62717
id_74605,126.39345
id_74606,126.35423
id_74607,126.34328
id_74608,126.332344
id_74609,126.3214
id_74610,126.31048
id_74611,122.7493
id_74612,126.296974
id_74613,126.29608
id_74614,126.29517
id_74615,126.29427
id_74616,126.29157
id_74617,126.237305
id_74618,126.05178
id_74619,125.86625
id_74620,125.680756
id_74621,125.12421
id_74622,124.9387
id_74623,124.75318
id_74624,124.49367
id_74625,130.83252
id_74626,130.59203
id_74627,130.3515
id_74628,130.111
id_74629,129.8705
id_74630,129.14897
id_74631,128.90846
id_74632,128.83626
id_74633,128.80185
id_74634,128.74612
id_74635,128.77681
id_74636,128.92743
id_74637,129.07806
id_74638,129.29211
id_74639,129.52138
id_74640,130.21431
id_74641,130.448
id_74642,130.34149
id_74643,128.6924
id_74644,126.7888
id_74645,126.21503
id_75359,54.20925
id_75360,55.350113
id_75361,55.79286
id_75362,56.235565
id_75363,56.691612
id_75364,57.207935
id_75365,65.978714
id_75366,59.549706
id_75367,60.29272
id_75368,61.035828
id_75369,61.77887
id_75370,64.03532
id_75371,64.97344
id_75372,65.94161
id_75373,66.94937
id_75374,67.86547
id_75375,70.031204
id_75376,70.75319
id_75377,71.43985
id_75378,72.66799
id_75379,53.48011
id_75380,53.461773
id_75381,53.443424
id_75382,53.425076
id_75383,53.406734
id_75384,53.351696
id_75385,53.333355
id_75386,53.31501
id_75387,53.29335
id_75388,53.237465
id_75389,53.169743
id_75390,53.186302
id_75391,53.202873
id_75392,53.219437
id_75393,53.236
id_75394,53.28569
id_75395,53.29788
id_75396,50.362705
id_75397,52.559326
id_75398,51.80015
id_75399,51.547535
id_76113,59.778477
id_76114,59.762585
id_76115,59.757282
id_76116,59.75199
id_76117,59.746693
id_76118,59.741394
id_76119,57.93234
id_76120,59.726517
id_76121,59.72396
id_76122,59.717052
id_76123,59.70986
id_76124,59.688305
id_76125,59.68111
id_76126,59.67393
id_76127,59.666744
id_76128,59.65956
id_76129,59.638
id_76130,59.630814
id_76131,59.623627
id_76132,59.609253
id_76133,60.268715
id_76134,60.25014
id_76135,60.231583
id_76136,60.213005
id_76137,60.196537
id_76138,60.114037
id_76139,60.07931
id_76140,60.044582
id_76141,60.009857
id_76142,59.97512
id_76143,59.90637
id_76144,59.910976
id_76145,59.91558
id_76146,59.92019
id_76147,59.92479
id_76148,59.93596
id_76149,59.843372
id_76150,57.601677
id_76151,59.482773
id_76152,59.095165
id_76153,58.928047
id_76867,116.06179
id_76868,116.820526
id_76869,117.04734
id_76870,117.22977
id_76871,117.412186
id_76872,117.53222
id_76873,118.273895
id_76874,117.94099
id_76875,118.06769
id_76876,118.19441
id_76877,118.32111
id_76878,118.66099
id_76879,118.64601
id_76880,118.63103
id_76881,118.61606
id_76882,118.60109
id_76883,118.532745
id_76884,118.44152
id_76885,118.35031
id_76886,118.12968
id_76887,119.98871
id_76888,120.047424
id_76889,120.10614
id_76890,120.16488
id_76891,120.2236
id_76892,120.39977
id_76893,120.4585
id_76894,120.51722
id_76895,120.56799
id_76896,120.59162
id_76897,120.841774
id_76898,120.96799
id_76899,121.090935
id_76900,121.2139
id_76901,121.33684
id_76902,121.704865
id_76903,121.7852
id_76904,111.54667
id_76905,121.69882
id_76906,121.302574
id_76907,121.166595
id_77621,135.05963
id_77622,134.95961
id_77623,134.9573
id_77624,134.96957
id_77625,134.98184
id_77626,134.99413
id_77627,144.35823
id_77628,135.04324
id_77629,135.05551
id_77630,135.06778
id_77631,135.08006
id_77632,134.94133
id_77633,134.86256
id_77634,134.74149
id_77635,134.61693
id_77636,134.49239
id_77637,134.14491
id_77638,134.07097
id_77639,134.08371
id_77640,134.07863
id_77641,143.74219
id_77642,143.75844
id_77643,143.77467
id_77644,143.79092
id_77645,143.80717
id_77646,143.8559
id_77647,143.87213
id_77648,143.84314
id_77649,143.80742
id_77650,143.77171
id_77651,143.84308
id_77652,143.95749
id_77653,144.07188
id_77654,144.13567
id_77655,144.1763
id_77656,144.30833
id_77657,144.3263
id_77658,141.3942
id_77659,143.07509
id_77660,141.55916
id_77661,141.05385
